{
  "Total" : {
    "transaction" : "Total",
    "sampleCount" : 1000,
    "errorCount" : 0,
    "errorPct" : 0.0,
    "meanResTime" : 486.67500000000035,
    "medianResTime" : 305.0,
    "minResTime" : 282.0,
    "maxResTime" : 1771.0,
    "pct1ResTime" : 1197.0,
    "pct2ResTime" : 1210.0,
    "pct3ResTime" : 1422.4500000000005,
    "throughput" : 81.77952240758914,
    "receivedKBytesPerSec" : 36.689296593882894,
    "sentKBytesPerSec" : 26.546399656526006
  },
  "GetBooking" : {
    "transaction" : "GetBooking",
    "sampleCount" : 200,
    "errorCount" : 0,
    "errorPct" : 0.0,
    "meanResTime" : 303.27000000000015,
    "medianResTime" : 301.0,
    "minResTime" : 285.0,
    "maxResTime" : 344.0,
    "pct1ResTime" : 316.0,
    "pct2ResTime" : 320.0,
    "pct3ResTime" : 338.98,
    "throughput" : 20.968756552736423,
    "receivedKBytesPerSec" : 10.149574399769344,
    "sentKBytesPerSec" : 4.3616651813797445
  },
  "Token" : {
    "transaction" : "Token",
    "sampleCount" : 200,
    "errorCount" : 0,
    "errorPct" : 0.0,
    "meanResTime" : 300.5250000000001,
    "medianResTime" : 300.0,
    "minResTime" : 285.0,
    "maxResTime" : 326.0,
    "pct1ResTime" : 310.0,
    "pct2ResTime" : 312.95,
    "pct3ResTime" : 323.95000000000005,
    "throughput" : 20.96655833944858,
    "receivedKBytesPerSec" : 8.026977244732153,
    "sentKBytesPerSec" : 5.794468759828074
  },
  "DeleteBooking" : {
    "transaction" : "DeleteBooking",
    "sampleCount" : 200,
    "errorCount" : 0,
    "errorPct" : 0.0,
    "meanResTime" : 303.43,
    "medianResTime" : 303.0,
    "minResTime" : 288.0,
    "maxResTime" : 326.0,
    "pct1ResTime" : 314.0,
    "pct2ResTime" : 318.95,
    "pct3ResTime" : 324.0,
    "throughput" : 21.01281781886951,
    "receivedKBytesPerSec" : 6.7456480484345445,
    "sentKBytesPerSec" : 4.945399506198781
  },
  "CreateBooking" : {
    "transaction" : "CreateBooking",
    "sampleCount" : 200,
    "errorCount" : 0,
    "errorPct" : 0.0,
    "meanResTime" : 1220.0849999999998,
    "medianResTime" : 1197.0,
    "minResTime" : 1158.0,
    "maxResTime" : 1771.0,
    "pct1ResTime" : 1229.8,
    "pct2ResTime" : 1420.2499999999993,
    "pct3ResTime" : 1770.99,
    "throughput" : 18.12250815512867,
    "receivedKBytesPerSec" : 9.809515449438203,
    "sentKBytesPerSec" : 8.08787717470098
  },
  "UpdateBooking" : {
    "transaction" : "UpdateBooking",
    "sampleCount" : 200,
    "errorCount" : 0,
    "errorPct" : 0.0,
    "meanResTime" : 306.0650000000002,
    "medianResTime" : 306.0,
    "minResTime" : 282.0,
    "maxResTime" : 337.0,
    "pct1ResTime" : 316.0,
    "pct2ResTime" : 319.95,
    "pct3ResTime" : 329.99,
    "throughput" : 20.968756552736423,
    "receivedKBytesPerSec" : 10.777715617791989,
    "sentKBytesPerSec" : 9.583377018242818
  }
}